filename,width,height,class,xmin,ymin,xmax,ymax
image178_png.rf.fb3de97e6e4091954ef5c813b3dd119f.jpg,1920,1200,Karo 9,682,393,786,534
image178_png.rf.fb3de97e6e4091954ef5c813b3dd119f.jpg,1920,1200,Herz Ass,907,393,1007,532
image178_png.rf.fb3de97e6e4091954ef5c813b3dd119f.jpg,1920,1200,Kreuz 5,797,391,898,534

screenshot_card_5_1715787645_png_jpg.rf.fdeb3353fc38c216dfb76ff62c1d0021.jpg,160,220,Kreuz 9,0,4,133,209
screenshot_card_3_1715788632_png_jpg.rf.ff6c8c4da6ccf0deb48f91c9b9e714d8.jpg,165,220,Piek 4,2,3,149,208
image193_png.rf.fb72f03424c2b4b5f855954c3e6e5e41.jpg,1920,1200,Kreuz 8,794,395,893,534
image193_png.rf.fb72f03424c2b4b5f855954c3e6e5e41.jpg,1920,1200,Kreuz 9,685,392,785,531
image193_png.rf.fb72f03424c2b4b5f855954c3e6e5e41.jpg,1920,1200,Kreuz 7,915,396,1012,533
image193_png.rf.fb72f03424c2b4b5f855954c3e6e5e41.jpg,1920,1200,Karo 6,1020,395,1120,535

image148_png_jpg.rf.305d26d965da9cec298074f302a486d5.jpg,1920,1200,Piek 3,686,396,784,537
image148_png_jpg.rf.305d26d965da9cec298074f302a486d5.jpg,1920,1200,Piek Ass,796,394,893,537
image148_png_jpg.rf.305d26d965da9cec298074f302a486d5.jpg,1920,1200,Herz Bube,913,389,1006,538
image148_png_jpg.rf.305d26d965da9cec298074f302a486d5.jpg,1920,1200,Karo 10,1020,392,1117,536
image148_png_jpg.rf.305d26d965da9cec298074f302a486d5.jpg,1920,1200,Piek Dame,1133,393,1234,539
image50_png_jpg.rf.34d668570dbeaf803ecc259e12afe7c8.jpg,1920,1200,Kreuz 10,687,393,786,536
image50_png_jpg.rf.34d668570dbeaf803ecc259e12afe7c8.jpg,1920,1200,Piek 9,910,394,1009,537
image50_png_jpg.rf.34d668570dbeaf803ecc259e12afe7c8.jpg,1920,1200,Piek 5,1135,394,1233,537
image50_png_jpg.rf.34d668570dbeaf803ecc259e12afe7c8.jpg,1920,1200,Herz 3,1023,394,1122,534
image50_png_jpg.rf.34d668570dbeaf803ecc259e12afe7c8.jpg,1920,1200,Kreuz 8,794,394,897,538
image147_png.rf.3888450809588f35cd1bba212b6fcfa7.jpg,1920,1200,Kreuz Konig,796,392,897,533
image147_png.rf.3888450809588f35cd1bba212b6fcfa7.jpg,1920,1200,Karo 10,684,393,787,536
image147_png.rf.3888450809588f35cd1bba212b6fcfa7.jpg,1920,1200,Karo 3,912,393,1009,538
screenshot_card_2_1715788759_png_jpg.rf.386f88c3e7101a1fd0cad648f087c495.jpg,165,220,Piek 7,5,5,151,209


screenshot_card_3_1715787847_png_jpg.rf.482ca058dbe5437ee92258c8a2c83d08.jpg,165,220,Piek 6,0,5,146,208

image167_png.rf.4084a99b9de7541af790ee7fdc7cab75.jpg,1920,1200,Herz 8,914,395,1018,536
image167_png.rf.4084a99b9de7541af790ee7fdc7cab75.jpg,1920,1200,Piek 7,796,393,899,531
image167_png.rf.4084a99b9de7541af790ee7fdc7cab75.jpg,1920,1200,Kreuz 5,683,391,785,535
image46_png_jpg.rf.4528bb8f2bcadf48642e8087aea62920.jpg,1920,1200,Kreuz 10,683,394,785,535
image46_png_jpg.rf.4528bb8f2bcadf48642e8087aea62920.jpg,1920,1200,Kreuz 8,799,395,897,534
image46_png_jpg.rf.4528bb8f2bcadf48642e8087aea62920.jpg,1920,1200,Piek 9,909,395,1008,538
screenshot_card_2_1715788349_png_jpg.rf.47569210075b0f59fbc9fc41298f35ba.jpg,165,220,Herz 9,5,4,154,210

image15_png_jpg.rf.486c786b078ac41a150d38f4441b5790.jpg,1920,1200,Herz 7,694,393,793,534
image15_png_jpg.rf.486c786b078ac41a150d38f4441b5790.jpg,1920,1200,Piek 5,800,397,897,533
image15_png_jpg.rf.486c786b078ac41a150d38f4441b5790.jpg,1920,1200,Kreuz 8,913,398,1004,532


screenshot_card_2_1715788619_png_jpg.rf.3bd1703bf8aa7c8ad1af571047936ac2.jpg,165,220,Kreuz 4,5,2,152,208

image29_png.rf.49bc21fb3128e460d3668a501fe659dc.jpg,1920,1200,Karo Ass,907,392,1008,530
image29_png.rf.49bc21fb3128e460d3668a501fe659dc.jpg,1920,1200,Karo 5,1132,393,1232,538
image29_png.rf.49bc21fb3128e460d3668a501fe659dc.jpg,1920,1200,Herz 9,689,393,782,536
image29_png.rf.49bc21fb3128e460d3668a501fe659dc.jpg,1920,1200,Kreuz 8,798,394,897,532
image29_png.rf.49bc21fb3128e460d3668a501fe659dc.jpg,1920,1200,Piek 4,1019,389,1124,537


screenshot_card_4_1715788308_png_jpg.rf.41d93c83b369bf0ae6acb7a935362f43.jpg,165,220,Herz 5,0,3,146,210

image126_png.rf.4af749f9b8f4cbbfddbd1790cc5024f3.jpg,1920,1200,Piek 7,684,394,784,534
image126_png.rf.4af749f9b8f4cbbfddbd1790cc5024f3.jpg,1920,1200,Karo Konig,799,393,894,532
image126_png.rf.4af749f9b8f4cbbfddbd1790cc5024f3.jpg,1920,1200,Piek Ass,911,394,1006,532
image122_png.rf.4b65f2f19b679315faa949b9140546bb.jpg,1920,1200,Piek 9,910,393,1004,533
image122_png.rf.4b65f2f19b679315faa949b9140546bb.jpg,1920,1200,Piek Konig,798,393,892,532
image122_png.rf.4b65f2f19b679315faa949b9140546bb.jpg,1920,1200,Kreuz 7,686,396,781,533
screenshot_card_2_1715788206_png_jpg.rf.42f2c491a01b218a5b116a313eebb9c2.jpg,165,220,Piek 5,6,4,150,211

image18_new_png_jpg.rf.4296884bb9b4ec4e65bbff70d4a7948c.jpg,1920,1200,Piek 9,684,393,788,532
image18_new_png_jpg.rf.4296884bb9b4ec4e65bbff70d4a7948c.jpg,1920,1200,Kreuz 3,796,393,898,534
image18_new_png_jpg.rf.4296884bb9b4ec4e65bbff70d4a7948c.jpg,1920,1200,Piek 5,908,394,1007,535
image131_png.rf.40afb725b7a1de208c18d0159cfe8e28.jpg,1920,1200,Herz 5,796,391,897,533
image131_png.rf.40afb725b7a1de208c18d0159cfe8e28.jpg,1920,1200,Karo Konig,908,393,1006,533
image131_png.rf.40afb725b7a1de208c18d0159cfe8e28.jpg,1920,1200,Herz 4,683,392,785,538
image131_png.rf.40afb725b7a1de208c18d0159cfe8e28.jpg,1920,1200,Herz Bube,1020,391,1121,533

screenshot_card_2_1715787960_png_jpg.rf.4b2f3d02c1cb519ea5ed4a0d54a08263.jpg,165,220,Herz 9,5,3,150,210

image173_png.rf.4b8c7431f6c918aaff9daabde7827d89.jpg,1920,1200,Kreuz 5,683,391,785,535
image173_png.rf.4b8c7431f6c918aaff9daabde7827d89.jpg,1920,1200,Piek 7,796,394,897,532
image173_png.rf.4b8c7431f6c918aaff9daabde7827d89.jpg,1920,1200,Karo 8,1018,393,1117,535
image173_png.rf.4b8c7431f6c918aaff9daabde7827d89.jpg,1920,1200,Herz 8,906,393,1008,534
image173_png.rf.4b8c7431f6c918aaff9daabde7827d89.jpg,1920,1200,Karo 4,1132,393,1233,535
image117_png.rf.5013f14b7ddea16ae74dcdbb70eeb2ca.jpg,1920,1200,Karo 4,798,392,894,534
image117_png.rf.5013f14b7ddea16ae74dcdbb70eeb2ca.jpg,1920,1200,Kreuz Bube,908,393,1003,530
image117_png.rf.5013f14b7ddea16ae74dcdbb70eeb2ca.jpg,1920,1200,Herz 3,683,393,783,534
image152_png.rf.4e1a3e53e3911dd82993d9f46479e149.jpg,1920,1200,Karo 4,796,393,894,533
image152_png.rf.4e1a3e53e3911dd82993d9f46479e149.jpg,1920,1200,Kreuz 9,681,392,783,535
screenshot_card_3_1715788150_png_jpg.rf.42f273e3f643a101887b0e3b09a39efa.jpg,165,220,Piek 2,4,4,151,207



Bildschirmfoto-2024-05-15-um-18-37-37_png_jpg.rf.54b43efb8dc5ea8a4de98dea4accd95e.jpg,2364,1490,Karo Ass,808,468,961,670
Bildschirmfoto-2024-05-15-um-18-37-37_png_jpg.rf.54b43efb8dc5ea8a4de98dea4accd95e.jpg,2364,1490,Kreuz 5,972,465,1125,667
Bildschirmfoto-2024-05-15-um-18-37-37_png_jpg.rf.54b43efb8dc5ea8a4de98dea4accd95e.jpg,2364,1490,Herz Dame,1139,468,1288,669
image55_png.rf.530433dedfbced2157a36a1940c50c0e.jpg,1920,1200,Karo 4,798,392,893,532
image55_png.rf.530433dedfbced2157a36a1940c50c0e.jpg,1920,1200,Karo Konig,685,395,781,532
image55_png.rf.530433dedfbced2157a36a1940c50c0e.jpg,1920,1200,Piek Dame,908,394,1004,532
image55_png.rf.530433dedfbced2157a36a1940c50c0e.jpg,1920,1200,Piek 7,1132,395,1231,533
image55_png.rf.530433dedfbced2157a36a1940c50c0e.jpg,1920,1200,Karo Bube,1022,394,1115,533

screenshot_card_2_1715787597_png_jpg.rf.4db686acc678be3f11db13d8af381129.jpg,160,220,Kreuz Bube,1,2,149,211
image182_png.rf.55ea06129a0a1d256721a19990eb5e9e.jpg,1920,1200,Kreuz Dame,1020,392,1114,532
image182_png.rf.55ea06129a0a1d256721a19990eb5e9e.jpg,1920,1200,Kreuz Bube,907,395,1005,532
image182_png.rf.55ea06129a0a1d256721a19990eb5e9e.jpg,1920,1200,Piek 2,796,393,896,532
image182_png.rf.55ea06129a0a1d256721a19990eb5e9e.jpg,1920,1200,Kreuz 6,691,396,781,533
image104_png_jpg.rf.562240ab34604c3891c077ba766639ed.jpg,1920,1200,Karo 5,800,394,892,533
image104_png_jpg.rf.562240ab34604c3891c077ba766639ed.jpg,1920,1200,Herz 7,909,395,1004,532
image104_png_jpg.rf.562240ab34604c3891c077ba766639ed.jpg,1920,1200,Herz 4,1022,394,1118,529
image104_png_jpg.rf.562240ab34604c3891c077ba766639ed.jpg,1920,1200,Kreuz 6,684,394,783,534
image134_png.rf.4370ea39e46388c3fb05bcc1d694d775.jpg,1920,1200,Herz 5,796,391,897,533
image134_png.rf.4370ea39e46388c3fb05bcc1d694d775.jpg,1920,1200,Karo Konig,907,394,1007,534
image134_png.rf.4370ea39e46388c3fb05bcc1d694d775.jpg,1920,1200,Herz 4,683,392,785,537
image134_png.rf.4370ea39e46388c3fb05bcc1d694d775.jpg,1920,1200,Herz Bube,1027,395,1124,534
image134_png.rf.4370ea39e46388c3fb05bcc1d694d775.jpg,1920,1200,Herz 8,1137,394,1238,536

screenshot_card_5_1715787872_png_jpg.rf.5b81622ae039e6274264cd45a0e5904b.jpg,165,220,Herz 4,0,4,134,207
screenshot_card_5_1715788033_png_jpg.rf.604d471bb9b3d55650a281bbffbcc8f9.jpg,165,220,Karo Bube,0,3,141,211

image71_png.rf.59ceb24456cab36058ef77beae6e175c.jpg,1920,1200,Herz 7,907,393,1010,533
image71_png.rf.59ceb24456cab36058ef77beae6e175c.jpg,1920,1200,Piek 7,683,395,785,534
image71_png.rf.59ceb24456cab36058ef77beae6e175c.jpg,1920,1200,Karo Dame,1018,392,1115,533
image71_png.rf.59ceb24456cab36058ef77beae6e175c.jpg,1920,1200,Herz 10,796,394,897,535
image131_png.rf.39d3adac7984b703c55e0a3f5bd2f33d.jpg,1920,1200,Piek Ass,796,393,898,534
image131_png.rf.39d3adac7984b703c55e0a3f5bd2f33d.jpg,1920,1200,Piek 9,908,393,1006,532
image131_png.rf.39d3adac7984b703c55e0a3f5bd2f33d.jpg,1920,1200,Kreuz Konig,684,392,781,532
image131_png.rf.39d3adac7984b703c55e0a3f5bd2f33d.jpg,1920,1200,Piek 6,1026,391,1123,534
image15_png_jpg.rf.591bdb31c902539dc150eb2a6e76900f.jpg,1920,1200,Herz 7,908,391,1012,532
image15_png_jpg.rf.591bdb31c902539dc150eb2a6e76900f.jpg,1920,1200,Kreuz 9,798,395,897,533
image15_png_jpg.rf.591bdb31c902539dc150eb2a6e76900f.jpg,1920,1200,Herz Dame,684,392,788,538
screenshot_card_3_1715788349_png_jpg.rf.5ff0d5f1abb6e649d6c1b8411c5b5223.jpg,165,220,Karo 8,3,4,149,210

screenshot_card_2_1715788104_png_jpg.rf.57fbad9beda44a2aca28347175095192.jpg,165,220,Herz Dame,4,4,152,210


image159_png.rf.606f9618505407ee7d075d18684a19bd.jpg,1920,1200,Karo 5,796,393,894,533
image159_png.rf.606f9618505407ee7d075d18684a19bd.jpg,1920,1200,Piek 5,908,395,1002,532
image159_png.rf.606f9618505407ee7d075d18684a19bd.jpg,1920,1200,Kreuz 10,682,392,783,535
screenshot_card_2_1715788493_png_jpg.rf.5ecd4721faadd4ff2da4745468289a7b.jpg,165,220,Karo 7,3,4,152,210
image71_png_jpg.rf.628cfe51ca7aae7dc1566a98f933fd99.jpg,1920,1200,Piek 9,799,393,898,529
image71_png_jpg.rf.628cfe51ca7aae7dc1566a98f933fd99.jpg,1920,1200,Piek 10,908,390,1016,537
image71_png_jpg.rf.628cfe51ca7aae7dc1566a98f933fd99.jpg,1920,1200,Herz 4,686,391,782,530

image66_png_jpg.rf.61afdd15fc522f1e3e2f8d9fb1f1feb7.jpg,1920,1200,Kreuz 4,798,394,896,530
image66_png_jpg.rf.61afdd15fc522f1e3e2f8d9fb1f1feb7.jpg,1920,1200,Kreuz Dame,686,393,782,534
image66_png_jpg.rf.61afdd15fc522f1e3e2f8d9fb1f1feb7.jpg,1920,1200,Karo 4,908,393,1006,531


image160_png.rf.611dabde04c38cfe21fab451e09ba605.jpg,1920,1200,Piek 3,908,394,1006,537
image160_png.rf.611dabde04c38cfe21fab451e09ba605.jpg,1920,1200,Karo 8,1018,392,1120,535
image160_png.rf.611dabde04c38cfe21fab451e09ba605.jpg,1920,1200,Karo 5,795,393,897,534
image160_png.rf.611dabde04c38cfe21fab451e09ba605.jpg,1920,1200,Kreuz 9,683,394,782,533


image184_png.rf.6878de40582459595b1f992522aebf3e.jpg,1920,1200,Kreuz Dame,1020,392,1114,532
image184_png.rf.6878de40582459595b1f992522aebf3e.jpg,1920,1200,Kreuz Bube,907,395,1005,532
image184_png.rf.6878de40582459595b1f992522aebf3e.jpg,1920,1200,Piek 2,798,393,898,532
image184_png.rf.6878de40582459595b1f992522aebf3e.jpg,1920,1200,Kreuz 6,687,390,784,531
image40_png_jpg.rf.66ae000e997340c9163c6c9f064462f3.jpg,1920,1200,Kreuz 5,689,392,789,533
image40_png_jpg.rf.66ae000e997340c9163c6c9f064462f3.jpg,1920,1200,Herz 2,802,396,893,536
image40_png_jpg.rf.66ae000e997340c9163c6c9f064462f3.jpg,1920,1200,Piek 8,916,395,1010,536
image40_png_jpg.rf.66ae000e997340c9163c6c9f064462f3.jpg,1920,1200,Kreuz 4,1021,397,1130,533
image40_png_jpg.rf.66ae000e997340c9163c6c9f064462f3.jpg,1920,1200,Kreuz 10,1132,393,1229,533
image40_png_jpg.rf.66ae000e997340c9163c6c9f064462f3.jpg,1920,1200,Kreuz 2,853,726,959,801
image40_png_jpg.rf.66ae000e997340c9163c6c9f064462f3.jpg,1920,1200,Herz Ass,959,729,1070,801
image40_png_jpg.rf.66ae000e997340c9163c6c9f064462f3.jpg,1920,1200,Herz Dame,854,51,957,129
image40_png_jpg.rf.66ae000e997340c9163c6c9f064462f3.jpg,1920,1200,Herz 8,959,54,1065,130
image170_png.rf.63a19d0bb7725ebd3d644cfbecde7eab.jpg,1920,1200,Kreuz 5,683,391,784,535
image170_png.rf.63a19d0bb7725ebd3d644cfbecde7eab.jpg,1920,1200,Herz 8,913,393,1015,536
image170_png.rf.63a19d0bb7725ebd3d644cfbecde7eab.jpg,1920,1200,Karo 8,1028,393,1126,533
image170_png.rf.63a19d0bb7725ebd3d644cfbecde7eab.jpg,1920,1200,Piek 7,795,391,897,536
image73_png_jpg.rf.639c99716bcd231afa2339496e523538.jpg,1920,1200,Herz 4,693,394,787,537
image73_png_jpg.rf.639c99716bcd231afa2339496e523538.jpg,1920,1200,Piek 9,802,392,898,535
image73_png_jpg.rf.639c99716bcd231afa2339496e523538.jpg,1920,1200,Piek 10,913,394,1012,536
image73_png_jpg.rf.639c99716bcd231afa2339496e523538.jpg,1920,1200,Karo 8,1027,397,1120,533
image73_png_jpg.rf.639c99716bcd231afa2339496e523538.jpg,1920,1200,Kreuz 3,1134,394,1238,533

image162_png_jpg.rf.68d407c530e6fcbacf9f66c411c5cb15.jpg,1920,1200,Kreuz 2,686,395,785,533
image162_png_jpg.rf.68d407c530e6fcbacf9f66c411c5cb15.jpg,1920,1200,Piek 10,800,397,894,527
image162_png_jpg.rf.68d407c530e6fcbacf9f66c411c5cb15.jpg,1920,1200,Piek 2,915,397,1006,535
screenshot_card_4_1715787960_png_jpg.rf.6da432f59ea192e125261899e164c03e.jpg,165,220,Karo 5,0,3,144,206


image116_png_jpg.rf.62e332e5a3d6d4e3fb92d9f2c4ec9c8f.jpg,1920,1200,Piek Konig,801,393,892,536
image116_png_jpg.rf.62e332e5a3d6d4e3fb92d9f2c4ec9c8f.jpg,1920,1200,Herz 6,686,393,783,533
image116_png_jpg.rf.62e332e5a3d6d4e3fb92d9f2c4ec9c8f.jpg,1920,1200,Kreuz Ass,911,391,1009,535
image191_png.rf.693ff5293aeed574e9e8eab427814e45.jpg,1920,1200,Karo 7,684,394,784,532
image191_png.rf.693ff5293aeed574e9e8eab427814e45.jpg,1920,1200,Kreuz 4,907,393,1004,529
image191_png.rf.693ff5293aeed574e9e8eab427814e45.jpg,1920,1200,Karo 10,799,394,896,530
image93_png_jpg.rf.69f36e2bc08e687ce4144fe52e226936.jpg,1920,1200,Kreuz 3,907,394,1007,533
image93_png_jpg.rf.69f36e2bc08e687ce4144fe52e226936.jpg,1920,1200,Herz 8,687,394,787,537
image93_png_jpg.rf.69f36e2bc08e687ce4144fe52e226936.jpg,1920,1200,Kreuz 4,798,395,896,530
image28_png_jpg.rf.6e92bcfb6fa96ca3a234c003d348d8d0.jpg,1920,1200,Herz 7,957,314,1007,382
image28_png_jpg.rf.6e92bcfb6fa96ca3a234c003d348d8d0.jpg,1920,1200,Karo 3,1013,313,1061,380
image28_png_jpg.rf.6e92bcfb6fa96ca3a234c003d348d8d0.jpg,1920,1200,Kreuz 4,1067,313,1115,381
image28_png_jpg.rf.6e92bcfb6fa96ca3a234c003d348d8d0.jpg,1920,1200,Herz 10,1120,312,1167,382
image186_png.rf.70717bc2438777ed461d033fe56e262a.jpg,1920,1200,Karo 10,1026,393,1124,533
image186_png.rf.70717bc2438777ed461d033fe56e262a.jpg,1920,1200,Piek Ass,681,393,788,533
image186_png.rf.70717bc2438777ed461d033fe56e262a.jpg,1920,1200,Kreuz 6,906,389,1015,538
image186_png.rf.70717bc2438777ed461d033fe56e262a.jpg,1920,1200,Kreuz 8,794,392,900,539


image592_png.rf.6f5b41e421dbad048fc8cbd6b7c5a743.jpg,1920,1200,Karo 6,686,395,784,530
image592_png.rf.6f5b41e421dbad048fc8cbd6b7c5a743.jpg,1920,1200,Piek 7,797,396,899,530
image592_png.rf.6f5b41e421dbad048fc8cbd6b7c5a743.jpg,1920,1200,Herz Konig,910,394,1006,532

image98_png.rf.6376b5f5b0c6a3c8c174f21544fe20e5.jpg,1920,1200,Herz 8,797,394,897,537
image98_png.rf.6376b5f5b0c6a3c8c174f21544fe20e5.jpg,1920,1200,Kreuz 6,908,394,1004,531
image98_png.rf.6376b5f5b0c6a3c8c174f21544fe20e5.jpg,1920,1200,Kreuz 8,685,394,783,533
image132_png.rf.6f6dcc101e08b9213aee9c17cf85f212.jpg,1920,1200,Piek Ass,796,393,898,534
image132_png.rf.6f6dcc101e08b9213aee9c17cf85f212.jpg,1920,1200,Piek 9,908,393,1006,532
image132_png.rf.6f6dcc101e08b9213aee9c17cf85f212.jpg,1920,1200,Kreuz Konig,684,392,781,532
image132_png.rf.6f6dcc101e08b9213aee9c17cf85f212.jpg,1920,1200,Piek 6,1027,394,1123,534
image159_png.rf.72f83ab183e030edfc4ffa27b41edb79.jpg,1920,1200,Piek 6,1015,391,1115,529
image159_png.rf.72f83ab183e030edfc4ffa27b41edb79.jpg,1920,1200,Kreuz Ass,906,393,1009,532
image159_png.rf.72f83ab183e030edfc4ffa27b41edb79.jpg,1920,1200,Piek Bube,684,394,784,533
image159_png.rf.72f83ab183e030edfc4ffa27b41edb79.jpg,1920,1200,Kreuz 8,795,393,897,533

image149_png.rf.6a6eade883d28ab7944dbb9b1a95708e.jpg,1920,1200,Karo 10,683,393,779,532
image149_png.rf.6a6eade883d28ab7944dbb9b1a95708e.jpg,1920,1200,Kreuz Konig,796,393,896,533
image149_png.rf.6a6eade883d28ab7944dbb9b1a95708e.jpg,1920,1200,Karo 3,911,392,1004,532
image149_png.rf.6a6eade883d28ab7944dbb9b1a95708e.jpg,1920,1200,Kreuz 5,1019,392,1121,531
image157_png_jpg.rf.78690983751d9930735637c7596155e8.jpg,1920,1200,Herz Dame,692,396,786,533
image157_png_jpg.rf.78690983751d9930735637c7596155e8.jpg,1920,1200,Piek 8,800,397,900,533
image157_png_jpg.rf.78690983751d9930735637c7596155e8.jpg,1920,1200,Kreuz Konig,919,397,1005,523
image157_png_jpg.rf.78690983751d9930735637c7596155e8.jpg,1920,1200,Karo 10,1020,395,1123,534
image157_png_jpg.rf.78690983751d9930735637c7596155e8.jpg,1920,1200,Piek Bube,1139,396,1233,533

image76_png_jpg.rf.71c7344598f79854226c2b65cc0fc7f9.jpg,1920,1200,Karo Konig,686,396,785,532
image76_png_jpg.rf.71c7344598f79854226c2b65cc0fc7f9.jpg,1920,1200,Karo 9,803,393,897,533
image76_png_jpg.rf.71c7344598f79854226c2b65cc0fc7f9.jpg,1920,1200,Piek Bube,908,390,1009,529
image172_png.rf.71da1159aef9998d937b46aaedc3d30a.jpg,1920,1200,Kreuz 5,683,391,785,535
image172_png.rf.71da1159aef9998d937b46aaedc3d30a.jpg,1920,1200,Karo 4,1133,394,1232,533
image172_png.rf.71da1159aef9998d937b46aaedc3d30a.jpg,1920,1200,Herz 8,913,393,1014,536
image172_png.rf.71da1159aef9998d937b46aaedc3d30a.jpg,1920,1200,Karo 8,1020,393,1116,534
image172_png.rf.71da1159aef9998d937b46aaedc3d30a.jpg,1920,1200,Piek 7,795,394,896,533



image105_png.rf.7c12a9e589d8544404d005a5b0a55237.jpg,1920,1200,Piek 7,689,397,787,533
image105_png.rf.7c12a9e589d8544404d005a5b0a55237.jpg,1920,1200,Herz 2,799,396,901,536
image105_png.rf.7c12a9e589d8544404d005a5b0a55237.jpg,1920,1200,Herz Konig,911,396,1006,531
image105_png.rf.7c12a9e589d8544404d005a5b0a55237.jpg,1920,1200,Kreuz Bube,1024,397,1123,537
image181_png.rf.738b47ed68e0668426cccee44432af0c.jpg,1920,1200,Herz Ass,906,393,1008,533
image181_png.rf.738b47ed68e0668426cccee44432af0c.jpg,1920,1200,Karo 9,682,392,785,535
image181_png.rf.738b47ed68e0668426cccee44432af0c.jpg,1920,1200,Kreuz 5,796,391,897,533
image181_png.rf.738b47ed68e0668426cccee44432af0c.jpg,1920,1200,Piek 5,1024,392,1125,534
image181_png.rf.738b47ed68e0668426cccee44432af0c.jpg,1920,1200,Karo 6,1130,394,1230,533
image180_png.rf.7dd240cff958ae7b11b405ba94f490f0.jpg,1920,1200,Kreuz Bube,904,394,1007,533
image180_png.rf.7dd240cff958ae7b11b405ba94f490f0.jpg,1920,1200,Piek 2,796,392,898,533
image180_png.rf.7dd240cff958ae7b11b405ba94f490f0.jpg,1920,1200,Kreuz 6,683,393,785,534
screenshot_card_2_1715788556_png_jpg.rf.7c4e6aace7f834d69c102356acf73062.jpg,165,220,Piek 8,4,2,150,213


screenshot_card_3_1715788760_png_jpg.rf.7dfc134df982be1cea196e7e96f0804c.jpg,165,220,Herz 9,3,4,150,207



image28_png.rf.8c2d641c7990bcce46051830e7eb0a88.jpg,1920,1200,Herz Ass,907,393,1008,530
image28_png.rf.8c2d641c7990bcce46051830e7eb0a88.jpg,1920,1200,Karo 5,1136,394,1231,533
image28_png.rf.8c2d641c7990bcce46051830e7eb0a88.jpg,1920,1200,Herz 9,689,393,780,533
image28_png.rf.8c2d641c7990bcce46051830e7eb0a88.jpg,1920,1200,Kreuz 8,798,394,897,532
image28_png.rf.8c2d641c7990bcce46051830e7eb0a88.jpg,1920,1200,Piek 4,1024,391,1123,528
image59_png_jpg.rf.8861c3be86339b48c9ce7edd0ffda3b4.jpg,1920,1200,Herz 7,1135,395,1235,542
image59_png_jpg.rf.8861c3be86339b48c9ce7edd0ffda3b4.jpg,1920,1200,Piek 9,684,394,782,532
image59_png_jpg.rf.8861c3be86339b48c9ce7edd0ffda3b4.jpg,1920,1200,Karo 4,797,394,899,536
image59_png_jpg.rf.8861c3be86339b48c9ce7edd0ffda3b4.jpg,1920,1200,Herz 9,910,393,1010,538
image59_png_jpg.rf.8861c3be86339b48c9ce7edd0ffda3b4.jpg,1920,1200,Herz 4,1023,394,1123,535

image105_png_jpg.rf.80ee97d80a797754a98eb12f42a07d5d.jpg,1920,1200,Karo 5,800,394,892,533
image105_png_jpg.rf.80ee97d80a797754a98eb12f42a07d5d.jpg,1920,1200,Herz 7,909,395,1004,532
image105_png_jpg.rf.80ee97d80a797754a98eb12f42a07d5d.jpg,1920,1200,Herz 4,1022,394,1118,529
image105_png_jpg.rf.80ee97d80a797754a98eb12f42a07d5d.jpg,1920,1200,Kreuz 6,684,394,783,534
screenshot_card_1_1715788060_png_jpg.rf.8b254ea34968340edafc58cb84946854.jpg,165,220,Herz Ass,11,4,156,210
image124_png.rf.8c0a4d3c507741e54bed111c6c21c738.jpg,1920,1200,Piek 9,909,392,1007,533
image124_png.rf.8c0a4d3c507741e54bed111c6c21c738.jpg,1920,1200,Piek Konig,799,393,894,532
image124_png.rf.8c0a4d3c507741e54bed111c6c21c738.jpg,1920,1200,Kreuz 7,685,394,787,533
image124_png.rf.8c0a4d3c507741e54bed111c6c21c738.jpg,1920,1200,Piek Dame,1019,394,1115,532
image124_png.rf.8c0a4d3c507741e54bed111c6c21c738.jpg,1920,1200,Karo Ass,1132,394,1232,532

image111_png.rf.8c8f648243329cf0a6bbc585889c4cd1.jpg,1920,1200,Karo 10,910,394,1006,534
image111_png.rf.8c8f648243329cf0a6bbc585889c4cd1.jpg,1920,1200,Kreuz 10,796,394,896,532
image111_png.rf.8c8f648243329cf0a6bbc585889c4cd1.jpg,1920,1200,Herz Bube,1128,394,1228,533
image111_png.rf.8c8f648243329cf0a6bbc585889c4cd1.jpg,1920,1200,Kreuz 5,1026,392,1132,534
image111_png.rf.8c8f648243329cf0a6bbc585889c4cd1.jpg,1920,1200,Piek Ass,683,394,789,534
image153_png.rf.8435c40bd50f83e2b0635e6ec002d33e.jpg,1920,1200,Karo 4,798,393,893,533
image153_png.rf.8435c40bd50f83e2b0635e6ec002d33e.jpg,1920,1200,Karo Ass,907,393,1006,533
image153_png.rf.8435c40bd50f83e2b0635e6ec002d33e.jpg,1920,1200,Kreuz 9,682,392,783,534
image36_png_jpg.rf.8729befab5ae140e7d68ba0fe7c99f86.jpg,1920,1200,Karo 9,687,395,788,535
image36_png_jpg.rf.8729befab5ae140e7d68ba0fe7c99f86.jpg,1920,1200,Kreuz 7,800,397,899,540
image36_png_jpg.rf.8729befab5ae140e7d68ba0fe7c99f86.jpg,1920,1200,Piek 7,913,396,1012,530
image36_png_jpg.rf.8729befab5ae140e7d68ba0fe7c99f86.jpg,1920,1200,Kreuz Bube,1023,397,1121,532
screenshot_card_2_1715787847_png_jpg.rf.8cfa26e810ce1a1751df95eece769f37.jpg,165,220,Kreuz 10,3,3,150,210

screenshot_card_2_1715788791_png_jpg.rf.8ffab7c38e74f1a7664bfdadaccef882.jpg,165,220,Piek 7,5,5,151,211



screenshot_card_2_1715788542_png_jpg.rf.8f003fc0fdde727aa87dd5f127f36078.jpg,165,220,Piek 8,3,3,153,213


image77_png.rf.90f343512c1094d8e2535af67c228db0.jpg,1920,1200,Karo 7,799,392,893,533
image77_png.rf.90f343512c1094d8e2535af67c228db0.jpg,1920,1200,Herz Ass,683,394,782,534
image77_png.rf.90f343512c1094d8e2535af67c228db0.jpg,1920,1200,Piek 2,1019,392,1120,535
image77_png.rf.90f343512c1094d8e2535af67c228db0.jpg,1920,1200,Piek Ass,908,391,1005,531
image77_png.rf.90f343512c1094d8e2535af67c228db0.jpg,1920,1200,Herz Dame,1129,393,1231,536
screenshot_card_4_1715787707_png_jpg.rf.92e35a39ff0dcd1c7327a49a943d94aa.jpg,160,220,Kreuz 4,52,5,160,211
screenshot_card_1_1715788348_png_jpg.rf.81d7fed39a54d677af8995139df7501d.jpg,165,220,Karo 9,9,4,156,211
screenshot_card_2_1715787644_png_jpg.rf.917f708dbb606187acbbe4d8a982e83d.jpg,160,220,Kreuz Bube,2,3,150,211
image16_png_jpg.rf.9268aec3e95b9480045a46d189713a34.jpg,1920,1200,Herz 7,694,395,780,532
image16_png_jpg.rf.9268aec3e95b9480045a46d189713a34.jpg,1920,1200,Piek 5,799,395,898,532
image16_png_jpg.rf.9268aec3e95b9480045a46d189713a34.jpg,1920,1200,Kreuz 8,913,397,1012,534
image16_png_jpg.rf.9268aec3e95b9480045a46d189713a34.jpg,1920,1200,Herz Ass,1019,392,1125,532
image43_png.rf.90b7a98d01da8c6f0e2b319256a734e0.jpg,1920,1200,Piek 8,683,394,786,533
image43_png.rf.90b7a98d01da8c6f0e2b319256a734e0.jpg,1920,1200,Herz 3,796,394,897,535
image43_png.rf.90b7a98d01da8c6f0e2b319256a734e0.jpg,1920,1200,Kreuz 3,1024,393,1126,532
image43_png.rf.90b7a98d01da8c6f0e2b319256a734e0.jpg,1920,1200,Herz 4,906,393,1008,535
image43_png.rf.90b7a98d01da8c6f0e2b319256a734e0.jpg,1920,1200,Herz 10,1137,392,1237,536
screenshot_card_3_1715788657_png_jpg.rf.98d08c8f5d9c636bea8b7df2806ed8fb.jpg,165,220,Herz 7,0,3,151,211
screenshot_card_5_1715788633_png_jpg.rf.965f8f95ac9de1727b77d744f2251316.jpg,165,220,Kreuz 9,1,5,141,209
image106_png_jpg.rf.9454cce42a7896a0970751cfc110c2a8.jpg,1920,1200,Piek Konig,1134,394,1230,535
image106_png_jpg.rf.9454cce42a7896a0970751cfc110c2a8.jpg,1920,1200,Karo 5,800,394,892,533
image106_png_jpg.rf.9454cce42a7896a0970751cfc110c2a8.jpg,1920,1200,Herz 7,911,395,1011,539
image106_png_jpg.rf.9454cce42a7896a0970751cfc110c2a8.jpg,1920,1200,Herz 4,1023,394,1125,539
image106_png_jpg.rf.9454cce42a7896a0970751cfc110c2a8.jpg,1920,1200,Kreuz 6,684,394,783,534



image65_png.rf.a7fadc0e1f42d4b7b28cdbf4c1cdf4b0.jpg,1920,1200,Karo 10,915,391,1013,531
image65_png.rf.a7fadc0e1f42d4b7b28cdbf4c1cdf4b0.jpg,1920,1200,Karo 2,684,392,786,533
image65_png.rf.a7fadc0e1f42d4b7b28cdbf4c1cdf4b0.jpg,1920,1200,Karo Konig,796,392,897,533

screenshot_card_3_1715788407_png_jpg.rf.a54922c2fab7e1a995ac4d03bacc2660.jpg,165,220,Kreuz 4,2,5,149,208
image148_png.rf.9b54fa0204a679989b51145c682160c3.jpg,1920,1200,Karo 9,685,394,784,534
image148_png.rf.9b54fa0204a679989b51145c682160c3.jpg,1920,1200,Herz 5,799,393,894,536
image148_png.rf.9b54fa0204a679989b51145c682160c3.jpg,1920,1200,Piek 4,912,393,1017,532
image148_png.rf.9b54fa0204a679989b51145c682160c3.jpg,1920,1200,Karo Bube,1025,393,1123,531
image179_png.rf.a3818cb3651f19c52160a4bfd5034740.jpg,1920,1200,Herz Ass,907,392,1006,532
image179_png.rf.a3818cb3651f19c52160a4bfd5034740.jpg,1920,1200,Karo 9,683,392,782,533
image179_png.rf.a3818cb3651f19c52160a4bfd5034740.jpg,1920,1200,Kreuz 5,799,396,896,536

Bildschirmfoto-2024-05-15-um-18-39-20_png_jpg.rf.a56a4a2b30a50abe79fa87c56c4c67d5.jpg,2306,1518,Piek Ass,1227,438,1372,645
Bildschirmfoto-2024-05-15-um-18-39-20_png_jpg.rf.a56a4a2b30a50abe79fa87c56c4c67d5.jpg,2306,1518,Herz Ass,1059,438,1205,644
Bildschirmfoto-2024-05-15-um-18-39-20_png_jpg.rf.a56a4a2b30a50abe79fa87c56c4c67d5.jpg,2306,1518,Piek 2,892,436,1045,637
Bildschirmfoto-2024-05-15-um-18-39-20_png_jpg.rf.a56a4a2b30a50abe79fa87c56c4c67d5.jpg,2306,1518,Piek 3,735,436,878,638
Bildschirmfoto-2024-05-15-um-18-39-20_png_jpg.rf.a56a4a2b30a50abe79fa87c56c4c67d5.jpg,2306,1518,Herz 5,1389,437,1535,643





screenshot_card_3_1715788619_png_jpg.rf.ab5be4d9a4f0ae20757efc11dd57ea31.jpg,165,220,Piek 4,3,4,149,208



image53_png_jpg.rf.a2dac710361e178be000230df1be950c.jpg,1920,1200,Herz 2,687,394,786,534
image53_png_jpg.rf.a2dac710361e178be000230df1be950c.jpg,1920,1200,Kreuz 3,799,395,898,534
image53_png_jpg.rf.a2dac710361e178be000230df1be950c.jpg,1920,1200,Herz 8,912,396,1015,534

image78_png_jpg.rf.abfef15eedb2603303ccfd496e2f33a1.jpg,1920,1200,Karo Konig,685,395,796,535
image78_png_jpg.rf.abfef15eedb2603303ccfd496e2f33a1.jpg,1920,1200,Karo 9,797,394,903,537
image78_png_jpg.rf.abfef15eedb2603303ccfd496e2f33a1.jpg,1920,1200,Piek Bube,905,391,1016,540
image78_png_jpg.rf.abfef15eedb2603303ccfd496e2f33a1.jpg,1920,1200,Piek 2,1016,391,1130,538
image29_png_jpg.rf.a0de9331e4876034e26498476ccd7a59.jpg,1920,1200,Kreuz Dame,800,393,903,547
image29_png_jpg.rf.a0de9331e4876034e26498476ccd7a59.jpg,1920,1200,Karo 3,687,393,783,534
image29_png_jpg.rf.a0de9331e4876034e26498476ccd7a59.jpg,1920,1200,Karo 9,1023,394,1118,532
image29_png_jpg.rf.a0de9331e4876034e26498476ccd7a59.jpg,1920,1200,Piek Ass,909,393,1005,526
image50_png.rf.b3fa2c3b84f51fa10e461a1fb062bdfa.jpg,1920,1200,Karo 5,907,392,1006,533
image50_png.rf.b3fa2c3b84f51fa10e461a1fb062bdfa.jpg,1920,1200,Kreuz 8,683,393,783,532
image50_png.rf.b3fa2c3b84f51fa10e461a1fb062bdfa.jpg,1920,1200,Piek Bube,797,394,895,533


screenshot_card_4_1715788377_png_jpg.rf.b58829b305efbc8cfd688e87ac33945f.jpg,165,220,Karo Dame,1,5,144,208
screenshot_card_3_1715788308_png_jpg.rf.9ec6e31695dcbba4d5df38521eabaf15.jpg,165,220,Karo 9,3,5,152,209

image177_png.rf.af9f3907a8aaf6529f806bee42a43115.jpg,1920,1200,Karo 9,682,393,786,534
image177_png.rf.af9f3907a8aaf6529f806bee42a43115.jpg,1920,1200,Herz Ass,907,393,1007,532
image177_png.rf.af9f3907a8aaf6529f806bee42a43115.jpg,1920,1200,Kreuz 5,797,391,898,534
image152_png.rf.bbea5303209c71bff0154c58b7a968de.jpg,1920,1200,Kreuz 9,1132,393,1229,532
image152_png.rf.bbea5303209c71bff0154c58b7a968de.jpg,1920,1200,Karo 10,683,393,780,532
image152_png.rf.bbea5303209c71bff0154c58b7a968de.jpg,1920,1200,Kreuz Konig,796,393,896,533
image152_png.rf.bbea5303209c71bff0154c58b7a968de.jpg,1920,1200,Kreuz 5,1019,393,1120,530
image152_png.rf.bbea5303209c71bff0154c58b7a968de.jpg,1920,1200,Karo 3,911,392,1005,531



screenshot_card_3_1715787764_png_jpg.rf.ad57895e33e492e40891e9b73b5eddce.jpg,160,220,Kreuz 4,0,3,137,210
screenshot_card_1_1715788406_png_jpg.rf.af8815f2e795b3b839478990807d18d2.jpg,165,220,Kreuz Bube,8,3,155,209
image193_png.rf.bcb7063e7fb4daa324680b2632294bb4.jpg,1920,1200,Karo 9,684,393,785,534
image193_png.rf.bcb7063e7fb4daa324680b2632294bb4.jpg,1920,1200,Kreuz 4,906,389,1006,527
image193_png.rf.bcb7063e7fb4daa324680b2632294bb4.jpg,1920,1200,Karo 10,799,393,896,531
image193_png.rf.bcb7063e7fb4daa324680b2632294bb4.jpg,1920,1200,Kreuz 5,1024,390,1119,533
image193_png.rf.bcb7063e7fb4daa324680b2632294bb4.jpg,1920,1200,Kreuz 4,850,153,852,185
image14_new_png_jpg.rf.b3026a263218df7915ec0a9e38da21b2.jpg,1920,1200,Kreuz 7,1027,394,1126,530
image14_new_png_jpg.rf.b3026a263218df7915ec0a9e38da21b2.jpg,1920,1200,Karo Bube,908,396,1003,533
image14_new_png_jpg.rf.b3026a263218df7915ec0a9e38da21b2.jpg,1920,1200,Herz 5,799,392,902,534
image14_new_png_jpg.rf.b3026a263218df7915ec0a9e38da21b2.jpg,1920,1200,Piek 4,686,394,788,535

Bildschirmfoto-2024-05-15-um-18-36-59_png_jpg.rf.bb38bcdbad005acc62014cb224b89389.jpg,2308,1570,Kreuz Dame,814,532,956,748
Bildschirmfoto-2024-05-15-um-18-36-59_png_jpg.rf.bb38bcdbad005acc62014cb224b89389.jpg,2308,1570,Herz 7,978,528,1126,732
Bildschirmfoto-2024-05-15-um-18-36-59_png_jpg.rf.bb38bcdbad005acc62014cb224b89389.jpg,2308,1570,Herz Bube,1141,532,1281,742
Bildschirmfoto-2024-05-15-um-18-36-59_png_jpg.rf.bb38bcdbad005acc62014cb224b89389.jpg,2308,1570,Piek Konig,1306,530,1451,739
Bildschirmfoto-2024-05-15-um-18-36-59_png_jpg.rf.bb38bcdbad005acc62014cb224b89389.jpg,2308,1570,Karo Bube,1064,1028,1212,1134
Bildschirmfoto-2024-05-15-um-18-36-59_png_jpg.rf.bb38bcdbad005acc62014cb224b89389.jpg,2308,1570,Kreuz Bube,1217,1025,1365,1134


screenshot_card_4_1715788557_png_jpg.rf.be1f94945e8a45b6552aff029c40bb5a.jpg,165,220,Herz 9,0,4,146,210
screenshot_card_2_1715787764_png_jpg.rf.bc947b8a51a9868d198a94e59438a62f.jpg,160,220,Karo 3,0,4,146,208

image74_png_jpg.rf.b7ebb4a48ce76f6bf74351c7b0c84740.jpg,1920,1200,Herz 4,692,395,782,536
image74_png_jpg.rf.b7ebb4a48ce76f6bf74351c7b0c84740.jpg,1920,1200,Piek 9,798,395,901,538
image74_png_jpg.rf.b7ebb4a48ce76f6bf74351c7b0c84740.jpg,1920,1200,Piek 10,913,393,1016,532
image74_png_jpg.rf.b7ebb4a48ce76f6bf74351c7b0c84740.jpg,1920,1200,Karo 8,1021,391,1120,530
image74_png_jpg.rf.b7ebb4a48ce76f6bf74351c7b0c84740.jpg,1920,1200,Kreuz 3,1137,396,1234,535
image153_png.rf.bed115d81fc04b5e36e50ac2ec0a26a7.jpg,1920,1200,Kreuz 9,1131,393,1227,532
image153_png.rf.bed115d81fc04b5e36e50ac2ec0a26a7.jpg,1920,1200,Kreuz Konig,797,393,895,533
image153_png.rf.bed115d81fc04b5e36e50ac2ec0a26a7.jpg,1920,1200,Karo 10,683,393,780,531
image153_png.rf.bed115d81fc04b5e36e50ac2ec0a26a7.jpg,1920,1200,Kreuz 5,1019,393,1120,530
image153_png.rf.bed115d81fc04b5e36e50ac2ec0a26a7.jpg,1920,1200,Herz 4,282,165,387,238
image153_png.rf.bed115d81fc04b5e36e50ac2ec0a26a7.jpg,1920,1200,Karo 3,911,392,1005,531
image153_png.rf.bed115d81fc04b5e36e50ac2ec0a26a7.jpg,1920,1200,Herz 10,388,163,493,245
screenshot_card_3_1715787644_png_jpg.rf.be1a32c357242702ba2bf09cfdb3243b.jpg,160,220,Herz Konig,0,4,144,207
image32_png_jpg.rf.c2c794038ded10552b2d7d54989d3cc4.jpg,1920,1200,Piek Konig,799,393,896,535
image32_png_jpg.rf.c2c794038ded10552b2d7d54989d3cc4.jpg,1920,1200,Kreuz Konig,682,393,784,534
image32_png_jpg.rf.c2c794038ded10552b2d7d54989d3cc4.jpg,1920,1200,Piek 9,911,392,1007,536
image72_png.rf.c26c347c67eb2910fd2a77c1a933fd02.jpg,1920,1200,Herz 7,907,393,1010,536
image72_png.rf.c26c347c67eb2910fd2a77c1a933fd02.jpg,1920,1200,Kreuz 9,1132,393,1229,532
image72_png.rf.c26c347c67eb2910fd2a77c1a933fd02.jpg,1920,1200,Piek 7,684,394,785,533
image72_png.rf.c26c347c67eb2910fd2a77c1a933fd02.jpg,1920,1200,Kreuz 7,1433,166,1532,238
image72_png.rf.c26c347c67eb2910fd2a77c1a933fd02.jpg,1920,1200,Herz 10,797,393,898,535
image72_png.rf.c26c347c67eb2910fd2a77c1a933fd02.jpg,1920,1200,Karo Dame,1018,393,1116,535
image72_png.rf.c26c347c67eb2910fd2a77c1a933fd02.jpg,1920,1200,Piek 10,1540,160,1635,237
image27_png_jpg.rf.c05c69856e27ce3a761a7fa38d60fd3e.jpg,1920,1200,Karo 3,692,398,778,532
image27_png_jpg.rf.c05c69856e27ce3a761a7fa38d60fd3e.jpg,1920,1200,Kreuz Dame,797,394,895,536
image27_png_jpg.rf.c05c69856e27ce3a761a7fa38d60fd3e.jpg,1920,1200,Kreuz Dame,800,400,801,401
image27_png_jpg.rf.c05c69856e27ce3a761a7fa38d60fd3e.jpg,1920,1200,Kreuz Dame,803,400,807,401
image27_png_jpg.rf.c05c69856e27ce3a761a7fa38d60fd3e.jpg,1920,1200,Piek Ass,914,400,1013,531
image150_png.rf.c4a550fd64be28f2086bd001d77a4c94.jpg,1920,1200,Kreuz Konig,796,393,896,533
image150_png.rf.c4a550fd64be28f2086bd001d77a4c94.jpg,1920,1200,Karo 10,684,393,779,532
image150_png.rf.c4a550fd64be28f2086bd001d77a4c94.jpg,1920,1200,Karo 3,911,392,1008,536
image150_png.rf.c4a550fd64be28f2086bd001d77a4c94.jpg,1920,1200,Kreuz 5,1019,392,1121,531
screenshot_card_5_1715788557_png_jpg.rf.c465fb16c1efabf31ca27802e265611e.jpg,165,220,Herz 3,0,3,140,210
screenshot_card_2_1715788032_png_jpg.rf.c43daa5bc15321b2fa02591354b1fefa.jpg,165,220,Karo 8,5,4,152,208
image169_png.rf.c8f28c384b159b17cbdcb992e1ada8be.jpg,1920,1200,Kreuz 5,683,391,784,535
image169_png.rf.c8f28c384b159b17cbdcb992e1ada8be.jpg,1920,1200,Herz 8,913,393,1015,536
image169_png.rf.c8f28c384b159b17cbdcb992e1ada8be.jpg,1920,1200,Karo 8,1022,395,1121,535
image169_png.rf.c8f28c384b159b17cbdcb992e1ada8be.jpg,1920,1200,Piek 7,797,394,899,537

image149_png.rf.c48ce8fb25edd9adc842104d0421545b.jpg,1920,1200,Karo 9,685,394,784,533
image149_png.rf.c48ce8fb25edd9adc842104d0421545b.jpg,1920,1200,Piek Ass,1491,388,1594,464
image149_png.rf.c48ce8fb25edd9adc842104d0421545b.jpg,1920,1200,Piek 10,484,622,582,695
image149_png.rf.c48ce8fb25edd9adc842104d0421545b.jpg,1920,1200,Herz 5,800,393,895,536
image149_png.rf.c48ce8fb25edd9adc842104d0421545b.jpg,1920,1200,Karo Dame,1598,389,1697,464
image149_png.rf.c48ce8fb25edd9adc842104d0421545b.jpg,1920,1200,Piek 4,913,394,1016,529
image149_png.rf.c48ce8fb25edd9adc842104d0421545b.jpg,1920,1200,Karo Bube,1025,393,1126,532
image149_png.rf.c48ce8fb25edd9adc842104d0421545b.jpg,1920,1200,Herz 10,1137,393,1231,534
image149_png.rf.c48ce8fb25edd9adc842104d0421545b.jpg,1920,1200,Kreuz 7,377,626,481,699

image146_png_jpg.rf.d28db4a2e4d250879638136ffa03092f.jpg,1920,1200,Piek 3,689,392,782,535
image146_png_jpg.rf.d28db4a2e4d250879638136ffa03092f.jpg,1920,1200,Piek Ass,802,396,902,539
image146_png_jpg.rf.d28db4a2e4d250879638136ffa03092f.jpg,1920,1200,Herz Bube,911,397,1010,527
image146_png_jpg.rf.d28db4a2e4d250879638136ffa03092f.jpg,1920,1200,Karo 10,1020,394,1125,539
screenshot_card_4_1715788792_png_jpg.rf.cd56b0ecb85485a77702ee2e48d60a2a.jpg,165,220,Herz 8,0,4,146,211
screenshot_card_5_1715787765_png_jpg.rf.c735ed6e4c8a292cc7fa4c058a0ab63b.jpg,160,220,Karo 6,0,4,113,210


image85_png_jpg.rf.d2e559a3e8d4a00adf2d5376bf113d18.jpg,1920,1200,Kreuz Bube,909,395,1009,539
image85_png_jpg.rf.d2e559a3e8d4a00adf2d5376bf113d18.jpg,1920,1200,Piek 3,1020,394,1115,534
image85_png_jpg.rf.d2e559a3e8d4a00adf2d5376bf113d18.jpg,1920,1200,Herz Konig,1134,393,1230,535
image85_png_jpg.rf.d2e559a3e8d4a00adf2d5376bf113d18.jpg,1920,1200,Kreuz 2,685,394,784,535
image85_png_jpg.rf.d2e559a3e8d4a00adf2d5376bf113d18.jpg,1920,1200,Kreuz Ass,799,394,896,535
image4_png.rf.ccba2d03904b874f103fc4db10ecef25.jpg,1920,1200,Kreuz 10,1126,371,1226,519
image4_png.rf.ccba2d03904b874f103fc4db10ecef25.jpg,1920,1200,Kreuz Bube,796,374,897,519
image4_png.rf.ccba2d03904b874f103fc4db10ecef25.jpg,1920,1200,Piek Bube,387,145,491,237
image4_png.rf.ccba2d03904b874f103fc4db10ecef25.jpg,1920,1200,Herz Bube,282,146,384,238
image4_png.rf.ccba2d03904b874f103fc4db10ecef25.jpg,1920,1200,Kreuz 2,904,391,1012,530
image4_png.rf.ccba2d03904b874f103fc4db10ecef25.jpg,1920,1200,Karo Dame,683,370,792,523
image4_png.rf.ccba2d03904b874f103fc4db10ecef25.jpg,1920,1200,Kreuz 7,1022,390,1125,535
screenshot_card_1_1715788556_png_jpg.rf.d4e6e9307855e8af4c76c890199f756b.jpg,165,220,Kreuz 6,10,4,155,211
screenshot_card_3_1715788543_png_jpg.rf.d0a2fe67682dd89c4f1cecbd3758fc09.jpg,165,220,Kreuz 2,2,4,150,207
image148_png.rf.d530f918b04ddddd539871cffa855df1.jpg,1920,1200,Kreuz Konig,796,392,897,533
image148_png.rf.d530f918b04ddddd539871cffa855df1.jpg,1920,1200,Karo 10,684,393,786,536
image148_png.rf.d530f918b04ddddd539871cffa855df1.jpg,1920,1200,Karo 3,912,393,1009,535
image191_png.rf.cebd5691070b1f63b322eb91c149548b.jpg,1920,1200,Kreuz 8,795,395,894,534
image191_png.rf.cebd5691070b1f63b322eb91c149548b.jpg,1920,1200,Kreuz 9,684,393,784,533
image191_png.rf.cebd5691070b1f63b322eb91c149548b.jpg,1920,1200,Kreuz 7,915,396,1009,531





image141_png.rf.ccb760224d17dd6baab8f31c00b43b3b.jpg,1920,1200,Karo Bube,796,394,894,533
image141_png.rf.ccb760224d17dd6baab8f31c00b43b3b.jpg,1920,1200,Kreuz 10,908,394,1003,531
image141_png.rf.ccb760224d17dd6baab8f31c00b43b3b.jpg,1920,1200,Karo 2,688,394,786,533


image77_png_jpg.rf.dcae3eacc7e2e6190bf8d3d55ef82ca7.jpg,1920,1200,Karo Konig,682,390,789,539
image77_png_jpg.rf.dcae3eacc7e2e6190bf8d3d55ef82ca7.jpg,1920,1200,Karo 9,796,391,902,539
image77_png_jpg.rf.dcae3eacc7e2e6190bf8d3d55ef82ca7.jpg,1920,1200,Piek Bube,907,392,1011,539


image123_png.rf.d749935fc3c8c8d398ee030548b7b082.jpg,1920,1200,Piek Konig,799,393,895,532
image123_png.rf.d749935fc3c8c8d398ee030548b7b082.jpg,1920,1200,Piek 9,909,392,1005,532
image123_png.rf.d749935fc3c8c8d398ee030548b7b082.jpg,1920,1200,Kreuz 7,685,393,787,533
image123_png.rf.d749935fc3c8c8d398ee030548b7b082.jpg,1920,1200,Piek Dame,1023,393,1126,536
image72_png_jpg.rf.e25582ee372fdfb351df13689ae4e40d.jpg,1920,1200,Herz 4,690,394,786,530
image72_png_jpg.rf.e25582ee372fdfb351df13689ae4e40d.jpg,1920,1200,Piek 9,797,394,902,536
image72_png_jpg.rf.e25582ee372fdfb351df13689ae4e40d.jpg,1920,1200,Piek 10,908,396,1007,531
image72_png_jpg.rf.e25582ee372fdfb351df13689ae4e40d.jpg,1920,1200,Karo 8,1022,396,1123,530
image23_png_jpg.rf.decd06512856c8d8bdc9b91fd94d5066.jpg,1920,1200,Herz 7,687,392,786,535
image23_png_jpg.rf.decd06512856c8d8bdc9b91fd94d5066.jpg,1920,1200,Karo 3,794,394,896,536
image23_png_jpg.rf.decd06512856c8d8bdc9b91fd94d5066.jpg,1920,1200,Kreuz 4,908,391,1010,535
image130_png.rf.cf64b9e823b4ef0e7e9b0e67e580d7d4.jpg,1920,1200,Piek 9,909,392,1008,538
image130_png.rf.cf64b9e823b4ef0e7e9b0e67e580d7d4.jpg,1920,1200,Kreuz Konig,683,392,781,533
image130_png.rf.cf64b9e823b4ef0e7e9b0e67e580d7d4.jpg,1920,1200,Piek Ass,796,393,898,534
image39_png_jpg.rf.e2d4c7384635e146bcafd1a7fb09ed53.jpg,1920,1200,Piek 8,909,394,1010,535
image39_png_jpg.rf.e2d4c7384635e146bcafd1a7fb09ed53.jpg,1920,1200,Herz 2,798,394,897,537
image39_png_jpg.rf.e2d4c7384635e146bcafd1a7fb09ed53.jpg,1920,1200,Kreuz 5,686,394,786,535
image39_png_jpg.rf.e2d4c7384635e146bcafd1a7fb09ed53.jpg,1920,1200,Kreuz 4,1022,394,1122,535
image54_png_jpg.rf.e23d2303730e2db4a8206a0d84abe693.jpg,1920,1200,Kreuz Dame,1024,394,1118,533
image54_png_jpg.rf.e23d2303730e2db4a8206a0d84abe693.jpg,1920,1200,Herz 2,686,395,783,533
image54_png_jpg.rf.e23d2303730e2db4a8206a0d84abe693.jpg,1920,1200,Kreuz 3,801,395,898,534
image54_png_jpg.rf.e23d2303730e2db4a8206a0d84abe693.jpg,1920,1200,Herz 8,910,394,1010,537
image183_png.rf.e22ed17b4328d01f4e43dd875acf6530.jpg,1920,1200,Kreuz Dame,1020,392,1114,532
image183_png.rf.e22ed17b4328d01f4e43dd875acf6530.jpg,1920,1200,Kreuz Bube,907,395,1005,532
image183_png.rf.e22ed17b4328d01f4e43dd875acf6530.jpg,1920,1200,Piek 2,796,393,896,532
image183_png.rf.e22ed17b4328d01f4e43dd875acf6530.jpg,1920,1200,Kreuz 6,687,389,786,534

image161_png.rf.de85d3dfb9e3f89cc7c03cae5b1a27d5.jpg,1920,1200,Piek 3,908,394,1006,537
image161_png.rf.de85d3dfb9e3f89cc7c03cae5b1a27d5.jpg,1920,1200,Karo 8,1018,392,1120,535
image161_png.rf.de85d3dfb9e3f89cc7c03cae5b1a27d5.jpg,1920,1200,Karo 5,795,393,897,534
image161_png.rf.de85d3dfb9e3f89cc7c03cae5b1a27d5.jpg,1920,1200,Kreuz 9,683,394,786,534
image14_png_jpg.rf.e329f2a39e6120aa4c814c3c13a92eda.jpg,1920,1200,Herz Dame,681,392,791,535
image14_png_jpg.rf.e329f2a39e6120aa4c814c3c13a92eda.jpg,1920,1200,Kreuz 9,796,394,900,536
image14_png_jpg.rf.e329f2a39e6120aa4c814c3c13a92eda.jpg,1920,1200,Herz 7,911,394,1011,536

screenshot_card_3_1715788602_png_jpg.rf.e3637ceecc03f188aba2fbe1a00c90df.jpg,165,220,Piek 4,2,4,150,204
screenshot_card_4_1715788206_png_jpg.rf.e17540a861b5a6f25b49925006041eec.jpg,165,220,Kreuz 5,0,5,147,213
image166_png_jpg.rf.e42293dceadcd5e8e3eb9961b9c2c07a.jpg,1920,1200,Piek 6,690,397,784,533
image166_png_jpg.rf.e42293dceadcd5e8e3eb9961b9c2c07a.jpg,1920,1200,Kreuz Dame,803,393,899,533
image166_png_jpg.rf.e42293dceadcd5e8e3eb9961b9c2c07a.jpg,1920,1200,Karo Dame,912,396,1009,535
screenshot_card_3_1715788493_png_jpg.rf.f26bcd21396b305467ecfd8e105ef503.jpg,165,220,Piek Bube,1,3,149,210



image140_png.rf.e5e5aa203a5a812e37010a9342d11ecb.jpg,1920,1200,Piek 6,911,394,1002,533
image140_png.rf.e5e5aa203a5a812e37010a9342d11ecb.jpg,1920,1200,Piek 9,684,393,785,532
image140_png.rf.e5e5aa203a5a812e37010a9342d11ecb.jpg,1920,1200,Karo Dame,796,391,891,534

image167_png_jpg.rf.e7b4b19c5e9506cd5f385a5f6d3fbace.jpg,1920,1200,Piek 6,687,392,786,535
image167_png_jpg.rf.e7b4b19c5e9506cd5f385a5f6d3fbace.jpg,1920,1200,Kreuz Dame,800,393,891,534
image167_png_jpg.rf.e7b4b19c5e9506cd5f385a5f6d3fbace.jpg,1920,1200,Karo Dame,913,400,1010,531
image167_png_jpg.rf.e7b4b19c5e9506cd5f385a5f6d3fbace.jpg,1920,1200,Herz Bube,1026,392,1119,536
image167_png_jpg.rf.e7b4b19c5e9506cd5f385a5f6d3fbace.jpg,1920,1200,Karo Konig,1134,396,1227,533
image167_png.rf.f08a0ff95f70585b550aecee0a558423.jpg,1920,1200,Kreuz Ass,1493,389,1590,464
image167_png.rf.f08a0ff95f70585b550aecee0a558423.jpg,1920,1200,Piek 8,795,394,898,532
image167_png.rf.f08a0ff95f70585b550aecee0a558423.jpg,1920,1200,Karo 9,907,393,1010,529
image167_png.rf.f08a0ff95f70585b550aecee0a558423.jpg,1920,1200,Herz Ass,1597,389,1700,464
image167_png.rf.f08a0ff95f70585b550aecee0a558423.jpg,1920,1200,Herz 7,214,389,317,465
image167_png.rf.f08a0ff95f70585b550aecee0a558423.jpg,1920,1200,Herz 5,685,392,782,533
image167_png.rf.f08a0ff95f70585b550aecee0a558423.jpg,1920,1200,Karo 7,317,392,421,462


image31_png.rf.dd61151fa6441a0d5a6f1f14362b3267.jpg,1920,1200,Herz 8,1028,395,1119,540
image31_png.rf.dd61151fa6441a0d5a6f1f14362b3267.jpg,1920,1200,Kreuz 2,681,393,784,532
image31_png.rf.dd61151fa6441a0d5a6f1f14362b3267.jpg,1920,1200,Kreuz 8,907,392,1007,530
image31_png.rf.dd61151fa6441a0d5a6f1f14362b3267.jpg,1920,1200,Piek 4,795,395,900,535
screenshot_card_4_1715788032_png_jpg.rf.f3cefa755dc991f2140e919573d8f803.jpg,165,220,Karo 3,1,4,144,208
image41_png.rf.f247c7a5ddce4d958c7652d6b314c975.jpg,1920,1200,Piek 8,683,394,785,532
image41_png.rf.f247c7a5ddce4d958c7652d6b314c975.jpg,1920,1200,Herz 3,795,394,896,534
image41_png.rf.f247c7a5ddce4d958c7652d6b314c975.jpg,1920,1200,Herz 4,905,394,1005,532
screenshot_card_2_1715788150_png_jpg.rf.f8d87c4fed9e04ccd288e9d7b1186bf2.jpg,165,220,Piek 5,5,4,153,212
screenshot_card_2_1715788061_png_jpg.rf.f8e0777dc7e438f04de5323fb14ec77b.jpg,165,220,Herz Dame,3,5,149,210


image8_png.rf.f0190b8d4b7df8a2daae9965cbedd927.jpg,1920,1200,Herz 9,914,392,1013,537
image8_png.rf.f0190b8d4b7df8a2daae9965cbedd927.jpg,1920,1200,Kreuz Ass,681,393,784,535
image8_png.rf.f0190b8d4b7df8a2daae9965cbedd927.jpg,1920,1200,Karo 3,1021,392,1119,533
image8_png.rf.f0190b8d4b7df8a2daae9965cbedd927.jpg,1920,1200,Karo Dame,797,392,896,536
image125_png.rf.ea4713da7f253e8cffd8110e309b7a0e.jpg,1920,1200,Kreuz Bube,906,392,1001,532
image125_png.rf.ea4713da7f253e8cffd8110e309b7a0e.jpg,1920,1200,Piek Ass,682,392,785,533
image125_png.rf.ea4713da7f253e8cffd8110e309b7a0e.jpg,1920,1200,Karo 5,801,396,894,534






image38_png.rf.0998e69a24fc5ce70158380eea87bb00.jpg,1920,1200,Piek 9,1019,393,1118,533
image38_png.rf.0998e69a24fc5ce70158380eea87bb00.jpg,1920,1200,Piek 8,685,394,785,533
image38_png.rf.0998e69a24fc5ce70158380eea87bb00.jpg,1920,1200,Herz Dame,797,394,898,534
image38_png.rf.0998e69a24fc5ce70158380eea87bb00.jpg,1920,1200,Karo 5,908,393,1006,533
screenshot_card_3_1715788032_png_jpg.rf.03eb0b3df3b1ef7e76d71b52ad2b44e0.jpg,165,220,Herz 5,4,5,148,201

screenshot_card_2_1715787871_png_jpg.rf.091e8322b1a52696b97c663f1ed89f6d.jpg,165,220,Kreuz 10,3,4,150,211
image132_png.rf.00ab8df57bfb7574cc499b831e38542d.jpg,1920,1200,Herz 5,796,391,897,533
image132_png.rf.00ab8df57bfb7574cc499b831e38542d.jpg,1920,1200,Herz Konig,908,393,1006,533
image132_png.rf.00ab8df57bfb7574cc499b831e38542d.jpg,1920,1200,Herz 4,683,392,785,537
image132_png.rf.00ab8df57bfb7574cc499b831e38542d.jpg,1920,1200,Herz Bube,1026,393,1119,534




screenshot_card_3_1715788061_png_jpg.rf.12d2d75a470dd4ef26e35c1849dee7df.jpg,165,220,Piek 10,2,4,150,211
image64_png_jpg.rf.133d26414207c12f61aebd2f6a74231a.jpg,1920,1200,Piek 10,689,394,780,530
image64_png_jpg.rf.133d26414207c12f61aebd2f6a74231a.jpg,1920,1200,Piek 2,791,392,910,539
image64_png_jpg.rf.133d26414207c12f61aebd2f6a74231a.jpg,1920,1200,Kreuz 9,917,390,1007,531
image64_png_jpg.rf.133d26414207c12f61aebd2f6a74231a.jpg,1920,1200,Herz 8,1029,397,1118,533
image64_png_jpg.rf.133d26414207c12f61aebd2f6a74231a.jpg,1920,1200,Herz Ass,1137,396,1233,532
image64_png_jpg.rf.133d26414207c12f61aebd2f6a74231a.jpg,1920,1200,Kreuz Ass,283,166,385,242
image64_png_jpg.rf.133d26414207c12f61aebd2f6a74231a.jpg,1920,1200,Karo 10,387,166,491,239
image64_png_jpg.rf.133d26414207c12f61aebd2f6a74231a.jpg,1920,1200,Karo 5,854,54,960,127
image64_png_jpg.rf.133d26414207c12f61aebd2f6a74231a.jpg,1920,1200,Kreuz 5,964,54,1063,128
image64_png_jpg.rf.133d26414207c12f61aebd2f6a74231a.jpg,1920,1200,Piek Konig,1428,164,1532,240
image64_png_jpg.rf.133d26414207c12f61aebd2f6a74231a.jpg,1920,1200,Herz Dame,1536,166,1635,238
image64_png_jpg.rf.133d26414207c12f61aebd2f6a74231a.jpg,1920,1200,Kreuz Bube,854,729,957,801
image64_png_jpg.rf.133d26414207c12f61aebd2f6a74231a.jpg,1920,1200,Piek 9,959,727,1062,802

image171_png.rf.0358ee4f634cbae75a2d76cea50511e8.jpg,1920,1200,Kreuz 5,683,391,784,535
image171_png.rf.0358ee4f634cbae75a2d76cea50511e8.jpg,1920,1200,Herz 8,913,393,1015,536
image171_png.rf.0358ee4f634cbae75a2d76cea50511e8.jpg,1920,1200,Karo 8,1028,393,1126,533
image171_png.rf.0358ee4f634cbae75a2d76cea50511e8.jpg,1920,1200,Piek 7,794,392,899,533
image22_png_jpg.rf.158b8efaa8cb8a3b0fc7d49fdfc04144.jpg,1920,1200,Herz 7,685,396,781,536
image22_png_jpg.rf.158b8efaa8cb8a3b0fc7d49fdfc04144.jpg,1920,1200,Karo 3,802,392,902,538
image22_png_jpg.rf.158b8efaa8cb8a3b0fc7d49fdfc04144.jpg,1920,1200,Kreuz 4,914,396,1007,529
image158_png.rf.10c8175e3612cdb619095e01083b5f06.jpg,1920,1200,Kreuz Ass,907,394,1007,532
image158_png.rf.10c8175e3612cdb619095e01083b5f06.jpg,1920,1200,Piek Bube,684,394,783,533
image158_png.rf.10c8175e3612cdb619095e01083b5f06.jpg,1920,1200,Kreuz 8,796,394,896,533
image33_png.rf.14ac998914675ef9c94e1ef480e286e9.jpg,1920,1200,Piek Konig,767,324,820,405
image33_png.rf.14ac998914675ef9c94e1ef480e286e9.jpg,1920,1200,Herz 4,703,324,757,404
image33_png.rf.14ac998914675ef9c94e1ef480e286e9.jpg,1920,1200,Karo Konig,831,325,885,403


image3_png.rf.1b321d84c88ab5944356f5c6ebb0574d.jpg,1920,1200,Kreuz Bube,798,394,895,532
image3_png.rf.1b321d84c88ab5944356f5c6ebb0574d.jpg,1920,1200,Kreuz 2,906,393,1007,529
image3_png.rf.1b321d84c88ab5944356f5c6ebb0574d.jpg,1920,1200,Kreuz 7,1018,393,1121,531
image3_png.rf.1b321d84c88ab5944356f5c6ebb0574d.jpg,1920,1200,Karo Dame,684,394,782,534
image134_png.rf.1bb01defff7f13dedff1f9f7a4e793a6.jpg,1920,1200,Piek 8,1131,394,1230,531
image134_png.rf.1bb01defff7f13dedff1f9f7a4e793a6.jpg,1920,1200,Piek Ass,796,393,898,534
image134_png.rf.1bb01defff7f13dedff1f9f7a4e793a6.jpg,1920,1200,Kreuz Konig,684,393,781,532
Bildschirmfoto-2024-05-15-um-18-39-15_png_jpg.rf.19764c4e75b7cbf58fbcc37554b0bbda.jpg,2428,1664,Piek 3,807,532,961,745
Bildschirmfoto-2024-05-15-um-18-39-15_png_jpg.rf.19764c4e75b7cbf58fbcc37554b0bbda.jpg,2428,1664,Piek 2,977,533,1122,740
Bildschirmfoto-2024-05-15-um-18-39-15_png_jpg.rf.19764c4e75b7cbf58fbcc37554b0bbda.jpg,2428,1664,Herz Ass,1137,537,1288,739
Bildschirmfoto-2024-05-15-um-18-39-15_png_jpg.rf.19764c4e75b7cbf58fbcc37554b0bbda.jpg,2428,1664,Piek Ass,1304,536,1455,744

screenshot_card_4_1715788104_png_jpg.rf.1390115256bdf2bf43262dc914343478.jpg,165,220,Herz 8,2,5,147,212

screenshot_card_1_1715787644_png_jpg.rf.17a71b96b8a77a2c7ec622c1497a7c0a.jpg,160,220,Herz Dame,8,3,155,211
image61_png.rf.1a597319be92fe77a78ffb466b69a945.jpg,1920,1200,Herz 3,796,393,893,534
image61_png.rf.1a597319be92fe77a78ffb466b69a945.jpg,1920,1200,Herz 4,684,393,783,534
image61_png.rf.1a597319be92fe77a78ffb466b69a945.jpg,1920,1200,Piek 7,907,393,1004,532
screenshot_card_4_1715788386_png_jpg.rf.169cf0d1fac256bbb864340a9ccfa9b0.jpg,165,220,Karo Dame,0,4,144,209
image63_png_jpg.rf.1cefa75a03a6434f6e1f5159561247a4.jpg,1920,1200,Piek 10,689,394,783,533
image63_png_jpg.rf.1cefa75a03a6434f6e1f5159561247a4.jpg,1920,1200,Piek 2,799,396,898,536
image63_png_jpg.rf.1cefa75a03a6434f6e1f5159561247a4.jpg,1920,1200,Kreuz 9,910,393,1011,532
image63_png_jpg.rf.1cefa75a03a6434f6e1f5159561247a4.jpg,1920,1200,Herz 8,1026,394,1116,540


image161_png_jpg.rf.1ca0d974a92c0d740b355c527c5e0717.jpg,1920,1200,Kreuz 2,683,395,784,533
image161_png_jpg.rf.1ca0d974a92c0d740b355c527c5e0717.jpg,1920,1200,Piek 10,800,397,894,527
image161_png_jpg.rf.1ca0d974a92c0d740b355c527c5e0717.jpg,1920,1200,Piek 2,915,397,1006,534

image156_png_jpg.rf.1e6f8cde01389f78ebdd43a088ad4bd8.jpg,1920,1200,Herz Dame,693,394,783,530
image156_png_jpg.rf.1e6f8cde01389f78ebdd43a088ad4bd8.jpg,1920,1200,Piek 8,803,394,894,530
image156_png_jpg.rf.1e6f8cde01389f78ebdd43a088ad4bd8.jpg,1920,1200,Kreuz Konig,919,396,1012,535
image156_png_jpg.rf.1e6f8cde01389f78ebdd43a088ad4bd8.jpg,1920,1200,Karo 10,1026,396,1120,529

image68_png_jpg.rf.14ec6d2756d353fde56b772b32ffe2e5.jpg,1920,1200,Kreuz Konig,1021,394,1117,533
image68_png_jpg.rf.14ec6d2756d353fde56b772b32ffe2e5.jpg,1920,1200,Kreuz 4,798,395,896,530
image68_png_jpg.rf.14ec6d2756d353fde56b772b32ffe2e5.jpg,1920,1200,Kreuz Dame,686,393,782,534
image68_png_jpg.rf.14ec6d2756d353fde56b772b32ffe2e5.jpg,1920,1200,Herz 9,1479,519,1584,595
image68_png_jpg.rf.14ec6d2756d353fde56b772b32ffe2e5.jpg,1920,1200,Herz 6,1134,393,1234,536
image68_png_jpg.rf.14ec6d2756d353fde56b772b32ffe2e5.jpg,1920,1200,Karo 4,909,394,1004,531
image68_png_jpg.rf.14ec6d2756d353fde56b772b32ffe2e5.jpg,1920,1200,Piek Dame,853,726,953,802
image68_png_jpg.rf.14ec6d2756d353fde56b772b32ffe2e5.jpg,1920,1200,Herz Dame,1585,516,1692,598
image68_png_jpg.rf.14ec6d2756d353fde56b772b32ffe2e5.jpg,1920,1200,Kreuz 6,964,728,1064,804
image67_png_jpg.rf.1da88de926153f31ae67f37c67d90c8c.jpg,1920,1200,Kreuz Konig,1022,394,1119,532
image67_png_jpg.rf.1da88de926153f31ae67f37c67d90c8c.jpg,1920,1200,Kreuz 4,799,394,896,530
image67_png_jpg.rf.1da88de926153f31ae67f37c67d90c8c.jpg,1920,1200,Kreuz Dame,686,393,782,534
image67_png_jpg.rf.1da88de926153f31ae67f37c67d90c8c.jpg,1920,1200,Karo 4,911,393,1003,531


screenshot_card_3_1715787960_png_jpg.rf.0ff1725a9af38541d97f50730e67c3f6.jpg,165,220,Herz 2,3,4,150,204


image42_png_jpg.rf.26256597192548d3ad743f9fee85503f.jpg,1920,1200,Herz 5,685,393,782,536
image42_png_jpg.rf.26256597192548d3ad743f9fee85503f.jpg,1920,1200,Karo Ass,798,393,902,539
image42_png_jpg.rf.26256597192548d3ad743f9fee85503f.jpg,1920,1200,Piek Ass,915,395,1005,532
image140_png.rf.26c23a5ddd61de69c0571ebc6c2c467f.jpg,1920,1200,Kreuz 10,906,392,1002,531
image140_png.rf.26c23a5ddd61de69c0571ebc6c2c467f.jpg,1920,1200,Karo Bube,796,393,894,534
image140_png.rf.26c23a5ddd61de69c0571ebc6c2c467f.jpg,1920,1200,Karo 2,686,394,785,533
image84_png_jpg.rf.25110e80a04935ab66e2047d18e37ab2.jpg,1920,1200,Kreuz Bube,910,395,1009,535
image84_png_jpg.rf.25110e80a04935ab66e2047d18e37ab2.jpg,1920,1200,Herz Konig,1134,393,1236,539
image84_png_jpg.rf.25110e80a04935ab66e2047d18e37ab2.jpg,1920,1200,Piek 3,1020,394,1122,537
image84_png_jpg.rf.25110e80a04935ab66e2047d18e37ab2.jpg,1920,1200,Kreuz 2,684,394,784,535
image84_png_jpg.rf.25110e80a04935ab66e2047d18e37ab2.jpg,1920,1200,Kreuz Ass,796,392,899,537

image166_png.rf.275dbe48164ec7fef0ba21605d9ab150.jpg,1920,1200,Piek 8,796,392,898,532
image166_png.rf.275dbe48164ec7fef0ba21605d9ab150.jpg,1920,1200,Karo 9,908,392,1010,534
image166_png.rf.275dbe48164ec7fef0ba21605d9ab150.jpg,1920,1200,Herz 5,686,392,781,534

image58_png_jpg.rf.22ac7691874b2b503fa9ba803526299c.jpg,1920,1200,Piek 9,684,393,787,536
image58_png_jpg.rf.22ac7691874b2b503fa9ba803526299c.jpg,1920,1200,Herz 9,906,394,1011,537
image58_png_jpg.rf.22ac7691874b2b503fa9ba803526299c.jpg,1920,1200,Karo 4,798,395,898,536
image58_png_jpg.rf.22ac7691874b2b503fa9ba803526299c.jpg,1920,1200,Herz 4,1024,393,1125,533

screenshot_card_1_1715788657_png_jpg.rf.1609fadf2bf24cb07e9bd175006c8a13.jpg,165,220,Karo 5,10,5,155,210
screenshot_card_1_1715787706_png_jpg.rf.2924e72af707bccd57b8a83c122ad793.jpg,160,220,Piek Konig,5,3,160,212
screenshot_card_2_1715788406_png_jpg.rf.2d9312d10fac37d01f9afe022822e1db.jpg,165,220,Kreuz 10,5,4,151,209
screenshot_card_2_1715788376_png_jpg.rf.2a2a0754b3fb84b2619d7f104c13adbe.jpg,165,220,Herz 9,8,5,150,211
screenshot_card_5_1715788386_png_jpg.rf.2cc70e1372d3a22c45dea39c26a5aaf5.jpg,165,220,Kreuz 5,0,4,141,210




screenshot_card_3_1715788264_png_jpg.rf.2e51a43ecd5cccb6de3ad6635f53c6ed.jpg,165,220,Karo 9,1,4,151,210
image95_png.rf.28ed12140dacb12e0bae5561785afab3.jpg,1920,1200,Piek Bube,1530,165,1629,239
image95_png.rf.28ed12140dacb12e0bae5561785afab3.jpg,1920,1200,Karo Bube,229,516,331,593
image95_png.rf.28ed12140dacb12e0bae5561785afab3.jpg,1920,1200,Piek Ass,958,726,1065,800
image95_png.rf.28ed12140dacb12e0bae5561785afab3.jpg,1920,1200,Piek Konig,851,724,953,799
image95_png.rf.28ed12140dacb12e0bae5561785afab3.jpg,1920,1200,Kreuz 5,1432,165,1534,237
image95_png.rf.28ed12140dacb12e0bae5561785afab3.jpg,1920,1200,Herz 3,1129,393,1228,533
image95_png.rf.28ed12140dacb12e0bae5561785afab3.jpg,1920,1200,Piek 7,908,393,1009,533
image95_png.rf.28ed12140dacb12e0bae5561785afab3.jpg,1920,1200,Kreuz 9,1019,393,1118,534
image95_png.rf.28ed12140dacb12e0bae5561785afab3.jpg,1920,1200,Herz 4,335,518,438,591
image95_png.rf.28ed12140dacb12e0bae5561785afab3.jpg,1920,1200,Piek 4,684,393,784,532
image95_png.rf.28ed12140dacb12e0bae5561785afab3.jpg,1920,1200,Karo 5,797,393,895,534
screenshot_card_3_1715788377_png_jpg.rf.2f76e89c4b0efdc9bc66d73373c42235.jpg,165,220,Karo 8,3,5,147,204
image180_png.rf.2176f830c34ad288d9bb00f085ac4ee7.jpg,1920,1200,Karo 9,682,393,784,535
image180_png.rf.2176f830c34ad288d9bb00f085ac4ee7.jpg,1920,1200,Piek 5,1024,392,1124,534
image180_png.rf.2176f830c34ad288d9bb00f085ac4ee7.jpg,1920,1200,Herz Ass,906,392,1008,535
image180_png.rf.2176f830c34ad288d9bb00f085ac4ee7.jpg,1920,1200,Kreuz 5,794,392,903,534
image180_png.rf.2176f830c34ad288d9bb00f085ac4ee7.jpg,1920,1200,Karo 6,1129,391,1233,534